<b>Library Name / ID</b>,<b>Index 1 (i7) sequence</b>,<b>Index 2 (i5) sequence</b>
OtsAC20ROGR_0001,CAAACC,AAACGG
OtsAC20ROGR_0002,CAAACC,ACTCTT
OtsAC20ROGR_0003,CAAACC,ATTCCG
OtsAC20ROGR_0004,CAAACC,CGAGGC
OtsAC20ROGR_0005,CAAACC,GAAATG
OtsAC20ROGR_0006,CAAACC,GGACTT
OtsAC20ROGR_0007,CAAACC,TAAGCT
OtsAC20ROGR_0008,CAAACC,TCTTCT
OtsAC20ROGR_0009,CAAACC,AACGTT
OtsAC20ROGR_0010,CAAACC,ACTGGC
OtsAC20ROGR_0011,CAAACC,CAAAAA
OtsAC20ROGR_0012,CAAACC,CGCAGA
OtsAC20ROGR_0013,CAAACC,GAACCA
OtsAC20ROGR_0014,CAAACC,GGCAAG
OtsAC20ROGR_0015,CAAACC,TAATTC
OtsAC20ROGR_0016,CAAACC,TGAACC
OtsAC20ROGR_0017,CAAACC,AACTGA
OtsAC20ROGR_0018,CAAACC,AGCCAT
OtsAC20ROGR_0019,CAAACC,CAATCG
OtsAC20ROGR_0020,CAAACC,CGCGTG
OtsAC20ROGR_0021,CAAACC,GACGAC
OtsAC20ROGR_0022,CAAACC,GGGCGC
OtsAC20ROGR_0023,CAAACC,TACACA
OtsAC20ROGR_0024,CAAACC,TGACAA
OtsAC20ROGR_0026,CAAACC,AAGACG
OtsAC20ROGR_0027,CAAACC,AGCGCA
OtsAC20ROGR_0028,CAAACC,CACCTC
OtsAC20ROGR_0029,CAAACC,CGGTCC
OtsAC20ROGR_0030,CAAACC,GACTCT
OtsAC20ROGR_0031,CAAACC,GGGGCG
OtsAC20ROGR_0032,CAAACC,TACGGG
OtsAC20ROGR_0033,CAAACC,TGCCCG
OtsAC20ROGR_0034,CAAACC,AAGCTA
OtsAC20ROGR_0035,CAAACC,AGGGTC
OtsAC20ROGR_0036,CAAACC,CAGGCA
OtsAC20ROGR_0037,CAAACC,CGTCTA
OtsAC20ROGR_0038,CAAACC,GAGAGA
OtsAC20ROGR_0039,CAAACC,GGTACA
OtsAC20ROGR_0040,CAAACC,TAGTAT
OtsAC20ROGR_0041,CAAACC,TGCTTA
OtsAC20ROGR_0042,CAAACC,AATATC
OtsAC20ROGR_0043,CAAACC,AGGTGT
OtsAC20ROGR_0044,CAAACC,CATACT
OtsAC20ROGR_0045,CAAACC,CGTGAT
OtsAC20ROGR_0046,CAAACC,AATCGT
OtsAC20ROGR_0047,CAAACC,GGTTTG
OtsAC20ROGR_0048,CAAACC,TATCAC
OtsAC20ROGR_0049,CAAACC,TGGGGA
OtsAC20ROGR_0050,CAAACC,AATGAG
OtsAC20ROGR_0051,CAAACC,AGTAGG
OtsAC20ROGR_0052,CAAACC,CCATTT
OtsAC20ROGR_0053,CAAACC,CTACAG
OtsAC20ROGR_0054,CAAACC,GCAGAT
OtsAC20ROGR_0055,CAAACC,GTAAGT
OtsAC20ROGR_0056,CAAACC,TCAAAG
OtsAC20ROGR_0057,CAAACC,TTATGA
OtsAC20ROGR_0058,CAAACC,ACAAGA
OtsAC20ROGR_0059,CAAACC,AGTTAA
OtsAC20ROGR_0060,CAAACC,CCCGGT
OtsAC20ROGR_0061,CAAACC,CTCGCC
OtsAC20ROGR_0062,CAAACC,GCATGG
OtsAC20ROGR_0063,CAAACC,GTATCC
OtsAC20ROGR_0064,CAAACC,TCCTGC
OtsAC20ROGR_0065,CAAACC,TTCCGT
OtsAC20ROGR_0066,CAAACC,ACAGCG
OtsAC20ROGR_0067,CAAACC,ATAGTA
OtsAC20ROGR_0068,CAAACC,CCCTAA
OtsAC20ROGR_0069,CAAACC,CTGCGA
OtsAC20ROGR_0070,CAAACC,GCCGTA
OtsAC20ROGR_0071,CAAACC,GTCATC
OtsAC20ROGR_0072,CAAACC,TCGATT
OtsAC20ROGR_0073,CAAACC,TTCTAG
OtsAC20ROGR_0074,CAAACC,ACATAC
OtsAC20ROGR_0075,CAAACC,ATCAAA
OtsAC20ROGR_0076,CAAACC,CCGAGG
OtsAC20ROGR_0077,CAAACC,CTGGTT
OtsAC20ROGR_0078,CAAACC,GCGACC
OtsAC20ROGR_0079,CAAACC,GTGCCT
OtsAC20ROGR_0080,CAAACC,TCGCCA
OtsAC20ROGR_0081,CAAACC,TTGAGC
OtsAC20ROGR_0082,CAAACC,ACCATG
OtsAC20ROGR_0083,CAAACC,ATGCAC
OtsAC20ROGR_0084,CAAACC,CCGCAT
OtsAC20ROGR_0085,CAAACC,CTTATG
OtsAC20ROGR_0086,CAAACC,GCGCTG
OtsAC20ROGR_0087,CAAACC,GTGTAA
OtsAC20ROGR_0088,CAAACC,TCGGAC
OtsAC20ROGR_0089,CAAACC,TTTAAT
OtsAC20ROGR_0090,CAAACC,ACCCCC
OtsAC20ROGR_0091,CAAACC,ATGTTG
OtsAC20ROGR_0092,CAAACC,CCTAAC
OtsAC20ROGR_0093,CAAACC,CTTTGC
OtsAC20ROGR_0094,CAAACC,GCTCAA
OtsAC20ROGR_0095,CAAACC,GTTGGA
negative01,CAAACC,TCTCGG
positive01,CAAACC,TTTGTC
OtsAC20ROGR_0096,CGGATG,AAACGG
OtsAC20ROGR_0097,CGGATG,ACTCTT
OtsAC20ROGR_0098,CGGATG,ATTCCG
OtsAC20ROGR_0099,CGGATG,CGAGGC
OtsAC20ROGR_0100,CGGATG,GAAATG
OtsAC20ROGR_0101,CGGATG,GGACTT
OtsAC20ROGR_0102,CGGATG,TAAGCT
OtsAC20ROGR_0103,CGGATG,TCTTCT
OtsAC20ROGR_0104,CGGATG,AACGTT
OtsAC20ROGR_0105,CGGATG,ACTGGC
OtsAC20ROGR_0106,CGGATG,CAAAAA
OtsAC20ROGR_0107,CGGATG,CGCAGA
OtsAC20ROGR_0108,CGGATG,GAACCA
OtsAC20ROGR_0109,CGGATG,GGCAAG
OtsAC20ROGR_0110,CGGATG,TAATTC
OtsAC20ROGR_0111,CGGATG,TGAACC
OtsAC20ROGR_0112,CGGATG,AACTGA
OtsAC20ROGR_0113,CGGATG,AGCCAT
OtsAC20ROGR_0114,CGGATG,CAATCG
OtsAC20ROGR_0115,CGGATG,CGCGTG
OtsAC20ROGR_0116,CGGATG,GACGAC
OtsAC20ROGR_0117,CGGATG,GGGCGC
OtsAC20ROGR_0118,CGGATG,TACACA
OtsAC20ROGR_0119,CGGATG,TGACAA
OtsAC20ROGR_0120,CGGATG,AAGACG
OtsAC20ROGR_0121,CGGATG,AGCGCA
OtsAC20ROGR_0122,CGGATG,CACCTC
OtsAC20ROGR_0123,CGGATG,CGGTCC
OtsAC20ROGR_0124,CGGATG,GACTCT
OtsAC20ROGR_0125,CGGATG,GGGGCG
OtsAC20ROGR_0126,CGGATG,TACGGG
OtsAC20ROGR_0127,CGGATG,TGCCCG
OtsAC20ROGR_0128,CGGATG,AAGCTA
OtsAC20ROGR_0129,CGGATG,AGGGTC
OtsAC20ROGR_0130,CGGATG,CAGGCA
OtsAC20ROGR_0131,CGGATG,CGTCTA
OtsAC20ROGR_0132,CGGATG,GAGAGA
OtsAC20ROGR_0133,CGGATG,GGTACA
OtsAC20ROGR_0134,CGGATG,TAGTAT
OtsAC20ROGR_0135,CGGATG,TGCTTA
OtsAC20ROGR_0136,CGGATG,AATATC
OtsAC20ROGR_0137,CGGATG,AGGTGT
OtsAC20ROGR_0138,CGGATG,CATACT
OtsAC20ROGR_0139,CGGATG,CGTGAT
OtsAC20ROGR_0140,CGGATG,AATCGT
OtsAC20ROGR_0141,CGGATG,GGTTTG
OtsAC20ROGR_0142,CGGATG,TATCAC
OtsAC20ROGR_0143,CGGATG,TGGGGA
OtsAC20ROGR_0144,CGGATG,AATGAG
OtsAC20ROGR_0145,CGGATG,AGTAGG
OtsAC20ROGR_0146,CGGATG,CCATTT
OtsAC20ROGR_0147,CGGATG,CTACAG
OtsAC20ROGR_0148,CGGATG,GCAGAT
OtsAC20ROGR_0149,CGGATG,GTAAGT
OtsAC20ROGR_0150,CGGATG,TCAAAG
OtsAC20ROGR_0151,CGGATG,TTATGA
OtsAC20ROGR_0152,CGGATG,ACAAGA
OtsAC20ROGR_0153,CGGATG,AGTTAA
OtsAC20ROGR_0154,CGGATG,CCCGGT
OtsAC20ROGR_0155,CGGATG,CTCGCC
OtsAC20ROGR_0156,CGGATG,GCATGG
OtsAC20ROGR_0157,CGGATG,GTATCC
OtsAC20ROGR_0158,CGGATG,TCCTGC
OtsAC20ROGR_0159,CGGATG,TTCCGT
OtsAC20ROGR_0160,CGGATG,ACAGCG
OtsAC20ROGR_0161,CGGATG,ATAGTA
OtsAC20ROGR_0162,CGGATG,CCCTAA
OtsAC20ROGR_0163,CGGATG,CTGCGA
OtsAC20ROGR_0164,CGGATG,GCCGTA
OtsAC20ROGR_0165,CGGATG,GTCATC
OtsAC20ROGR_0166,CGGATG,TCGATT
OtsAC20ROGR_0167,CGGATG,TTCTAG
OtsAC20ROGR_0168,CGGATG,ACATAC
OtsAC20ROGR_0169,CGGATG,ATCAAA
OtsAC20ROGR_0170,CGGATG,CCGAGG
OtsAC20ROGR_0171,CGGATG,CTGGTT
OtsAC20ROGR_0172,CGGATG,GCGACC
OtsAC20ROGR_0173,CGGATG,GTGCCT
OtsAC20ROGR_0174,CGGATG,TCGCCA
OtsAC20ROGR_0175,CGGATG,TTGAGC
OtsAC20ROGR_0176,CGGATG,ACCATG
OtsAC20ROGR_0177,CGGATG,ATGCAC
OtsAC20ROGR_0178,CGGATG,CCGCAT
OtsAC20ROGR_0179,CGGATG,CTTATG
OtsAC20ROGR_0180,CGGATG,GCGCTG
OtsAC20ROGR_0181,CGGATG,GTGTAA
OtsAC20ROGR_0182,CGGATG,TCGGAC
OtsAC20ROGR_0183,CGGATG,TTTAAT
OtsAC20ROGR_0184,CGGATG,ACCCCC
OtsAC20ROGR_0185,CGGATG,ATGTTG
OtsAC20ROGR_0186,CGGATG,CCTAAC
OtsAC20ROGR_0187,CGGATG,CTTTGC
OtsAC20ROGR_0188,CGGATG,GCTCAA
OtsAC20ROGR_0189,CGGATG,GTTGGA
negative02,CGGATG,TCTCGG
positive02,CGGATG,TTTGTC
OtsAC20ROGR_0190,ACGAAG,AAACGG
OtsAC20ROGR_0191,ACGAAG,ACTCTT
OtsAC20ROGR_0192,ACGAAG,ATTCCG
OtsAC20ROGR_0193,ACGAAG,CGAGGC
OtsAC20ROGR_0194,ACGAAG,GAAATG
OtsAC20ROGR_0195,ACGAAG,GGACTT
OtsAC20ROGR_0196,ACGAAG,TAAGCT
OtsAC20ROGR_0197,ACGAAG,TCTTCT
OtsAC20ROGR_0198,ACGAAG,AACGTT
OtsAC20ROGR_0199,ACGAAG,ACTGGC
OtsAC20ROGR_0200,ACGAAG,CAAAAA
OtsAC20ROGR_0201,ACGAAG,CGCAGA
OtsAC20ROGR_0202,ACGAAG,GAACCA
OtsAC20ROGR_0203,ACGAAG,GGCAAG
OtsAC20ROGR_0204,ACGAAG,TAATTC
OtsAC20ROGR_0205,ACGAAG,TGAACC
OtsAC20ROGR_0206,ACGAAG,AACTGA
OtsAC20ROGR_0207,ACGAAG,AGCCAT
OtsAC20ROGR_0208,ACGAAG,CAATCG
OtsAC20ROGR_0209,ACGAAG,CGCGTG
OtsAC20ROGR_0210,ACGAAG,GACGAC
OtsAC20ROGR_0211,ACGAAG,GGGCGC
OtsAC20ROGR_0001,ACGAAG,TACACA
OtsAC20ROGR_0010,ACGAAG,TGACAA
OtsAC20ROGR_0020,ACGAAG,AAGACG
OtsAC20ROGR_0025,ACGAAG,AGCGCA
OtsAC20ROGR_0030,ACGAAG,CACCTC
OtsAC20ROGR_0040,ACGAAG,CGGTCC
OtsAC20ROGR_0050,ACGAAG,GACTCT
OtsAC20ROGR_0060,ACGAAG,GGGGCG
OtsAC20ROGR_0070,ACGAAG,TACGGG
OtsAC20ROGR_0075,ACGAAG,TGCCCG
OtsAC20ROGR_0080,ACGAAG,AAGCTA
OtsAC20ROGR_0090,ACGAAG,AGGGTC
OtsAC20ROGR_0100,ACGAAG,CAGGCA
OtsAC20ROGR_0110,ACGAAG,CGTCTA
OtsAC20ROGR_0120,ACGAAG,GAGAGA
OtsAC20ROGR_0125,ACGAAG,GGTACA
OtsAC20ROGR_0130,ACGAAG,TAGTAT
OtsAC20ROGR_0140,ACGAAG,TGCTTA
OtsAC20ROGR_0150,ACGAAG,AATATC
OtsAC20ROGR_0160,ACGAAG,AGGTGT
OtsAC20ROGR_0175,ACGAAG,CATACT
OtsAC20ROGR_0170,ACGAAG,CGTGAT
OtsAC20ROGR_0180,ACGAAG,AATCGT
OtsAC20ROGR_0190,ACGAAG,GGTTTG
OtsAC20ROGR_0200,ACGAAG,TATCAC
OtsAC20ROGR_0210,ACGAAG,TGGGGA
OtsAC20ROGR_0001,ACGAAG,AATGAG
OtsAC20ROGR_0002,ACGAAG,AGTAGG
OtsAC20ROGR_0003,ACGAAG,CCATTT
OtsAC20ROGR_0004,ACGAAG,CTACAG
OtsAC20ROGR_0005,ACGAAG,GCAGAT
OtsAC20ROGR_0006,ACGAAG,GTAAGT
OtsAC20ROGR_0007,ACGAAG,TCAAAG
OtsAC20ROGR_0008,ACGAAG,TTATGA
OtsAC20ROGR_0042,ACGAAG,ACAAGA
OtsAC20ROGR_0043,ACGAAG,AGTTAA
OtsAC20ROGR_0044,ACGAAG,CCCGGT
OtsAC20ROGR_0045,ACGAAG,CTCGCC
OtsAC20ROGR_0046,ACGAAG,GCATGG
OtsAC20ROGR_0047,ACGAAG,GTATCC
OtsAC20ROGR_0048,ACGAAG,TCCTGC
OtsAC20ROGR_0049,ACGAAG,TTCCGT
OtsAC20ROGR_0082,ACGAAG,ACAGCG
OtsAC20ROGR_0083,ACGAAG,ATAGTA
OtsAC20ROGR_0084,ACGAAG,CCCTAA
OtsAC20ROGR_0085,ACGAAG,CTGCGA
OtsAC20ROGR_0086,ACGAAG,GCCGTA
OtsAC20ROGR_0087,ACGAAG,GTCATC
OtsAC20ROGR_0088,ACGAAG,TCGATT
OtsAC20ROGR_0089,ACGAAG,TTCTAG
OtsAC20ROGR_0112,ACGAAG,ACATAC
OtsAC20ROGR_0113,ACGAAG,ATCAAA
OtsAC20ROGR_0114,ACGAAG,CCGAGG
OtsAC20ROGR_0115,ACGAAG,CTGGTT
OtsAC20ROGR_0116,ACGAAG,GCGACC
OtsAC20ROGR_0117,ACGAAG,GTGCCT
OtsAC20ROGR_0118,ACGAAG,TCGCCA
OtsAC20ROGR_0119,ACGAAG,TTGAGC
OtsAC20ROGR_0152,ACGAAG,ACCATG
OtsAC20ROGR_0153,ACGAAG,ATGCAC
OtsAC20ROGR_0154,ACGAAG,CCGCAT
OtsAC20ROGR_0155,ACGAAG,CTTATG
OtsAC20ROGR_0156,ACGAAG,GCGCTG
OtsAC20ROGR_0157,ACGAAG,GTGTAA
OtsAC20ROGR_0158,ACGAAG,TCGGAC
OtsAC20ROGR_0159,ACGAAG,TTTAAT
OtsAC20ROGR_0184,ACGAAG,ACCCCC
OtsAC20ROGR_0185,ACGAAG,ATGTTG
positive03,ACGAAG,CCTAAC
positive04,ACGAAG,CTTTGC
positive05,ACGAAG,GCTCAA
positive06,ACGAAG,GTTGGA
negative03,ACGAAG,TCTCGG
positive07,ACGAAG,TTTGTC
OtsAC18CORH_0477,AAGCAC,AAACGG
OtsAC18CORH_0692,AAGCAC,ACTCTT
OtsAC18CORH_0698,AAGCAC,ATTCCG
OtsAC18CORH_2613,AAGCAC,CGAGGC
OtsAC18CORH_0741,AAGCAC,GAAATG
OtsAC18CORH_0756,AAGCAC,GGACTT
OtsAC18CORH_0782,AAGCAC,TAAGCT
OtsAC18CORH_0911,AAGCAC,TCTTCT
OtsAC18CORH_0915,AAGCAC,AACGTT
OtsAC18CORH_0919,AAGCAC,ACTGGC
OtsAC18CORH_0955,AAGCAC,CAAAAA
OtsAC18CORH_0958,AAGCAC,CGCAGA
OtsAC18CORH_1030,AAGCAC,GAACCA
OtsAC18CORH_1113,AAGCAC,GGCAAG
OtsAC18CORH_1117,AAGCAC,TAATTC
OtsAC18CORH_1120,AAGCAC,TGAACC
OtsAC18CORH_1121,AAGCAC,AACTGA
OtsAC18CORH_1122,AAGCAC,AGCCAT
OtsAC18CORH_1131,AAGCAC,CAATCG
OtsAC18CORH_1141,AAGCAC,CGCGTG
OtsAC18CORH_1154,AAGCAC,GACGAC
OtsAC18CORH_1234,AAGCAC,GGGCGC
OtsAC18CORH_1235,AAGCAC,TACACA
OtsAC18CORH_1245,AAGCAC,TGACAA
OtsAC18CORH_1260,AAGCAC,AAGACG
OtsAC18CORH_1261,AAGCAC,AGCGCA
OtsAC18CORH_1268,AAGCAC,CACCTC
OtsAC18CORH_3205,AAGCAC,CGGTCC
OtsAC18CORH_3207,AAGCAC,GACTCT
OtsAC18CORH_3227,AAGCAC,GGGGCG
OtsAC18CORH_3230,AAGCAC,TACGGG
OtsAC18CORH_1417,AAGCAC,TGCCCG
OtsAC18CORH_1425,AAGCAC,AAGCTA
OtsAC18CORH_1432,AAGCAC,AGGGTC
OtsAC18CORH_1513,AAGCAC,CAGGCA
OtsAC18CORH_1528,AAGCAC,CGTCTA
OtsAC18CORH_1623,AAGCAC,GAGAGA
OtsAC18CORH_1639,AAGCAC,GGTACA
OtsAC18CORH_1641,AAGCAC,TAGTAT
OtsAC18CORH_1643,AAGCAC,TGCTTA
OtsAC18CORH_1656,AAGCAC,AATATC
OtsAC18CORH_1668,AAGCAC,AGGTGT
OtsAC18CORH_1675,AAGCAC,CATACT
OtsAC18CORH_1678,AAGCAC,CGTGAT
OtsAC18CORH_1688,AAGCAC,AATCGT
OtsAC18CORH_1691,AAGCAC,GGTTTG
OtsAC18CORH_3604,AAGCAC,TATCAC
OtsAC18CORH_3608,AAGCAC,TGGGGA
OtsAC18CORH_3610,AAGCAC,AATGAG
OtsAC18CORH_3611,AAGCAC,AGTAGG
OtsAC18CORH_1711,AAGCAC,CCATTT
OtsAC18CORH_1725,AAGCAC,CTACAG
OtsAC18CORH_1727,AAGCAC,GCAGAT
OtsAC18CORH_1731,AAGCAC,GTAAGT
OtsAC18CORH_1735,AAGCAC,TCAAAG
OtsAC18CORH_1753,AAGCAC,TTATGA
OtsAC18CORH_1756,AAGCAC,ACAAGA
OtsAC18CORH_1783,AAGCAC,AGTTAA
OtsAC18CORH_1784,AAGCAC,CCCGGT
OtsAC18CORH_1808,AAGCAC,CTCGCC
OtsAC18CORH_0668,AAGCAC,GCATGG
OtsAC18CORH_0696,AAGCAC,GTATCC
OtsAC18CORH_0918,AAGCAC,TCCTGC
OtsAC18CORH_1107,AAGCAC,TTCCGT
blank,AAGCAC,ACAGCG
OtsAC18CORH_1606,AAGCAC,ATAGTA
OtsAC18CORH_1609,AAGCAC,CCCTAA
OtsAC18CORH_1666,AAGCAC,CTGCGA
OtsAC18CORH_1687,AAGCAC,GCCGTA
OtsAC18CORH_1791,AAGCAC,GTCATC
OtsAC18CORH_1796,AAGCAC,TCGATT
OtsAC18CORH_1815,AAGCAC,TTCTAG
OtsAC18CORH_1930,AAGCAC,ACATAC
OtsAC19ROGR_0042,AAGCAC,ATCAAA
OtsAC19ROGR_0093,AAGCAC,CCGAGG
OtsAC19ROGR_0100,AAGCAC,CTGGTT
OtsAC19ROGR_0102,AAGCAC,GCGACC
OtsAC19ROGR_0109,AAGCAC,GTGCCT
OtsAC19ROGR_0112,AAGCAC,TCGCCA
OtsAC19ROGR_0118,AAGCAC,TTGAGC
OtsAC19ROGR_0122,AAGCAC,ACCATG
OtsAC19ROGR_0129,AAGCAC,ATGCAC
OtsAC20CORH_0002,AAGCAC,CCGCAT
OtsAC20CORH_0008,AAGCAC,CTTATG
OtsAC20CORH_0039,AAGCAC,GCGCTG
OtsAC20CORH_0043,AAGCAC,GTGTAA
OtsAC20CORH_0057,AAGCAC,TCGGAC
OtsAC20CORH_0068,AAGCAC,TTTAAT
OtsAC20CORH_0092,AAGCAC,ACCCCC
OtsAC18CORH_1287,AAGCAC,ATGTTG
positive08,AAGCAC,CCTAAC
positive09,AAGCAC,CTTTGC
positive10,AAGCAC,GCTCAA
positive11,AAGCAC,GTTGGA
negative04,AAGCAC,TCTCGG
positive12,AAGCAC,TTTGTC
OmyJC16NFCQ_0001,TGACCA,AAACGG
OmyJC16NFCQ_0002,TGACCA,ACTCTT
OmyJC16NFCQ_0003,TGACCA,ATTCCG
OmyJC16NFCQ_0005,TGACCA,CGAGGC
OmyJC16NFCQ_0006,TGACCA,GAAATG
OmyJC16NFCQ_0008,TGACCA,GGACTT
OmyJC16NFCQ_0009,TGACCA,TAAGCT
OmyJC16NFCQ_0010,TGACCA,TCTTCT
OmyJC16NFCQ_0011,TGACCA,AACGTT
OmyJC16NFCQ_0012,TGACCA,ACTGGC
OmyJC16NFCQ_0013,TGACCA,CAAAAA
OmyJC16NFCQ_0014,TGACCA,CGCAGA
OmyJC16NFCQ_0015,TGACCA,GAACCA
OmyJC16NFCQ_0016,TGACCA,GGCAAG
OmyJC16NFCQ_0017,TGACCA,TAATTC
OmyJC16NFCQ_0018,TGACCA,TGAACC
OmyJC16NFCQ_0019,TGACCA,AACTGA
OmyJC16NFCQ_0020,TGACCA,AGCCAT
OmyJC16NFCQ_0021,TGACCA,CAATCG
OmyJC16NFCQ_0022,TGACCA,CGCGTG
OmyJC16NFCQ_0023,TGACCA,GACGAC
OmyJC16NFCQ_0024,TGACCA,GGGCGC
OmyJC16NFCQ_0025,TGACCA,TACACA
OmyJC16NFCQ_0026,TGACCA,TGACAA
OmyJC16NFCQ_0027,TGACCA,AAGACG
OmyJC16NFCQ_0028,TGACCA,AGCGCA
OmyJC16NFCQ_0029,TGACCA,CACCTC
OmyJC16NFCQ_0030,TGACCA,CGGTCC
OmyJC16NFCQ_0031,TGACCA,GACTCT
OmyJC16NFCQ_0032,TGACCA,GGGGCG
OmyJC16NFCQ_0033,TGACCA,TACGGG
OmyJC16NFCQ_0034,TGACCA,TGCCCG
OmyJC16NFCQ_0035,TGACCA,AAGCTA
OmyJC16NFCQ_0037,TGACCA,AGGGTC
OmyJC16NFCQ_0038,TGACCA,CAGGCA
OmyJC16NFCQ_0039,TGACCA,CGTCTA
OmyJC16NFCQ_0040,TGACCA,GAGAGA
OmyJC16NFCQ_0041,TGACCA,GGTACA
OmyJC16NFCQ_0042,TGACCA,TAGTAT
OmyJC16NFCQ_0044,TGACCA,TGCTTA
OmyJC16NFCQ_0045,TGACCA,AATATC
OmyAC16SFCQ_0001,TGACCA,AGGTGT
OmyAC16SFCQ_0002,TGACCA,CATACT
OmyAC16SFCQ_0003,TGACCA,CGTGAT
OmyAC16SFCQ_0004,TGACCA,AATCGT
OmyAC16SFCQ_0005,TGACCA,GGTTTG
OmyAC16SFCQ_0006,TGACCA,TATCAC
OmyAC16SFCQ_0007,TGACCA,TGGGGA
OmyAC16SFCQ_0008,TGACCA,AATGAG
OmyAC16SFCQ_0009,TGACCA,AGTAGG
OmyAC16SFCQ_0010,TGACCA,CCATTT
OmyAC16SFCQ_0011,TGACCA,CTACAG
OmyAC16SFCQ_0012,TGACCA,GCAGAT
OmyAC16SFCQ_0013,TGACCA,GTAAGT
OmyAC16SFCQ_0014,TGACCA,TCAAAG
OmyAC16SFCQ_0015,TGACCA,TTATGA
OmyAC16SFCQ_0016,TGACCA,ACAAGA
OmyAC16SFCQ_0017,TGACCA,AGTTAA
OmyJC16SFCQ_0018,TGACCA,CCCGGT
OmyJC16SFCQ_0019,TGACCA,CTCGCC
OmyJC16SFCQ_0020,TGACCA,GCATGG
OmyJC16SFCQ_0021,TGACCA,GTATCC
OmyJC16SFCQ_0022,TGACCA,TCCTGC
OmyJC16SFCQ_0023,TGACCA,TTCCGT
OmyJC16SFCQ_0024,TGACCA,ACAGCG
OmyJC16SFCQ_0025,TGACCA,ATAGTA
OmyJC16SFCQ_0026,TGACCA,CCCTAA
OmyJC16SFCQ_0027,TGACCA,CTGCGA
OmyJC16SFCQ_0028,TGACCA,GCCGTA
OmyJC16SFCQ_0029,TGACCA,GTCATC
OmyJC16SFCQ_0030,TGACCA,TCGATT
OmyJC16SFCQ_0031,TGACCA,TTCTAG
OmyJC16SFCQ_0032,TGACCA,ACATAC
OmyJC16SFCQ_0033,TGACCA,ATCAAA
OmyJC16SFCQ_0034,TGACCA,CCGAGG
OmyJC16SFCQ_0035,TGACCA,CTGGTT
OmyJC16SFCQ_0036,TGACCA,GCGACC
OmyJC16SFCQ_0037,TGACCA,GTGCCT
OmyJC16SFCQ_0038,TGACCA,TCGCCA
OmyJC16SFCQ_0039,TGACCA,TTGAGC
OmyJC16SFCQ_0040,TGACCA,ACCATG
OmyJC16SFCQ_0041,TGACCA,ATGCAC
OmyJC16SFCQ_0042,TGACCA,CCGCAT
OmyJC16SFCQ_0043,TGACCA,CTTATG
OmyJC16SFCQ_0044,TGACCA,GCGCTG
OmyJC16SFCQ_0045,TGACCA,GTGTAA
OmyJC16SFCQ_0046,TGACCA,TCGGAC
OmyJC16SFCQ_0047,TGACCA,TTTAAT
OmyJC16SFCQ_0048,TGACCA,ACCCCC
OmyJC16SFCQ_0049,TGACCA,ATGTTG
OmyJC16SFCQ_0050,TGACCA,CCTAAC
Summer_Het,TGACCA,CTTTGC
Het_Anadromous,TGACCA,GCTCAA
Winter_Anadromous,TGACCA,GTTGGA
negative,TGACCA,TCTCGG
Winter_Resident,TGACCA,TTTGTC
